{"train/global_step":1125,"train_runtime":390.3818,"total_flos":3.46608385007616e+14,"_timestamp":1.7600238510182288e+09,"train/grad_norm":0.6417790651321411,"train_loss":2.2293597547743054,"train_samples_per_second":11.527,"_wandb":{"runtime":361},"_runtime":361,"train_steps_per_second":2.882,"train/num_tokens":1.332911e+06,"train/learning_rate":0.0002,"train/entropy":2.044132936000824,"train/epoch":1,"_step":112,"train/loss":2.1194,"train/mean_token_accuracy":0.5938549280166626}